zone,datetime,carbonIntensity,type
FR,2026-09-04T15:00:00.000Z,22,history
FR,2026-09-04T16:00:00.000Z,25,history
FR,2026-09-04T17:00:00.000Z,27,history
FR,2026-09-04T18:00:00.000Z,26,history
FR,2026-09-04T19:00:00.000Z,24,history
FR,2026-09-04T20:00:00.000Z,25,history
FR,2026-09-04T21:00:00.000Z,24,history
FR,2026-09-04T22:00:00.000Z,23,history
FR,2026-09-04T23:00:00.000Z,24,history
FR,2026-09-05T00:00:00.000Z,22,history
FR,2026-09-05T01:00:00.000Z,22,history
FR,2026-09-05T02:00:00.000Z,22,history
FR,2026-09-05T03:00:00.000Z,21,history
FR,2026-09-05T04:00:00.000Z,23,history
FR,2026-09-05T05:00:00.000Z,24,history
FR,2026-09-05T06:00:00.000Z,22,history
FR,2026-09-05T07:00:00.000Z,24,history
FR,2026-09-05T08:00:00.000Z,23,history
FR,2026-09-05T09:00:00.000Z,22,history
FR,2026-09-05T10:00:00.000Z,23,history
FR,2026-09-05T11:00:00.000Z,25,history
FR,2026-09-05T12:00:00.000Z,26,history
FR,2026-09-05T13:00:00.000Z,25,history
FR,2026-09-05T14:00:00.000Z,26,history
FR,2026-09-05T14:00:00.000Z,25,forecast
FR,2026-09-05T15:00:00.000Z,25,forecast
FR,2026-09-05T16:00:00.000Z,28,forecast
FR,2026-09-05T17:00:00.000Z,33,forecast
FR,2026-09-05T18:00:00.000Z,35,forecast
FR,2026-09-05T19:00:00.000Z,34,forecast
FR,2026-09-05T20:00:00.000Z,33,forecast
FR,2026-09-05T21:00:00.000Z,32,forecast
FR,2026-09-05T22:00:00.000Z,31,forecast
FR,2026-09-05T23:00:00.000Z,26,forecast
FR,2026-09-06T00:00:00.000Z,22,forecast
FR,2026-09-06T01:00:00.000Z,23,forecast
FR,2026-09-06T02:00:00.000Z,23,forecast
FR,2026-09-06T03:00:00.000Z,22,forecast
FR,2026-09-06T04:00:00.000Z,21,forecast
FR,2026-09-06T05:00:00.000Z,21,forecast
FR,2026-09-06T06:00:00.000Z,22,forecast
FR,2026-09-06T07:00:00.000Z,23,forecast
FR,2026-09-06T08:00:00.000Z,22,forecast
FR,2026-09-06T09:00:00.000Z,24,forecast
FR,2026-09-06T10:00:00.000Z,24,forecast
FR,2026-09-06T11:00:00.000Z,24,forecast
FR,2026-09-06T12:00:00.000Z,25,forecast
FR,2026-09-06T13:00:00.000Z,25,forecast
FR,2026-09-06T14:00:00.000Z,23,forecast
DE,2026-09-04T15:00:00.000Z,127,history
DE,2026-09-04T16:00:00.000Z,153,history
DE,2026-09-04T17:00:00.000Z,188,history
DE,2026-09-04T18:00:00.000Z,204,history
DE,2026-09-04T19:00:00.000Z,203,history
DE,2026-09-04T20:00:00.000Z,205,history
DE,2026-09-04T21:00:00.000Z,215,history
DE,2026-09-04T22:00:00.000Z,228,history
DE,2026-09-04T23:00:00.000Z,235,history
DE,2026-09-05T00:00:00.000Z,240,history
DE,2026-09-05T01:00:00.000Z,238,history
DE,2026-09-05T02:00:00.000Z,228,history
DE,2026-09-05T03:00:00.000Z,225,history
DE,2026-09-05T04:00:00.000Z,215,history
DE,2026-09-05T05:00:00.000Z,214,history
DE,2026-09-05T06:00:00.000Z,197,history
DE,2026-09-05T07:00:00.000Z,162,history
DE,2026-09-05T08:00:00.000Z,134,history
DE,2026-09-05T09:00:00.000Z,124,history
DE,2026-09-05T10:00:00.000Z,123,history
DE,2026-09-05T11:00:00.000Z,122,history
DE,2026-09-05T12:00:00.000Z,119,history
DE,2026-09-05T13:00:00.000Z,122,history
DE,2026-09-05T14:00:00.000Z,140,history
DE,2026-09-05T14:00:00.000Z,95,forecast
DE,2026-09-05T15:00:00.000Z,112,forecast
DE,2026-09-05T16:00:00.000Z,151,forecast
DE,2026-09-05T17:00:00.000Z,198,forecast
DE,2026-09-05T18:00:00.000Z,211,forecast
DE,2026-09-05T19:00:00.000Z,224,forecast
DE,2026-09-05T20:00:00.000Z,232,forecast
DE,2026-09-05T21:00:00.000Z,236,forecast
DE,2026-09-05T22:00:00.000Z,238,forecast
DE,2026-09-05T23:00:00.000Z,243,forecast
DE,2026-09-06T00:00:00.000Z,246,forecast
DE,2026-09-06T01:00:00.000Z,256,forecast
DE,2026-09-06T02:00:00.000Z,264,forecast
DE,2026-09-06T03:00:00.000Z,275,forecast
DE,2026-09-06T04:00:00.000Z,296,forecast
DE,2026-09-06T05:00:00.000Z,282,forecast
DE,2026-09-06T06:00:00.000Z,224,forecast
DE,2026-09-06T07:00:00.000Z,159,forecast
DE,2026-09-06T08:00:00.000Z,132,forecast
DE,2026-09-06T09:00:00.000Z,128,forecast
DE,2026-09-06T10:00:00.000Z,128,forecast
DE,2026-09-06T11:00:00.000Z,127,forecast
DE,2026-09-06T12:00:00.000Z,129,forecast
DE,2026-09-06T13:00:00.000Z,141,forecast
DE,2026-09-06T14:00:00.000Z,169,forecast
PL,2026-09-04T15:00:00.000Z,532,history
PL,2026-09-04T16:00:00.000Z,546,history
PL,2026-09-04T17:00:00.000Z,556,history
PL,2026-09-04T18:00:00.000Z,553,history
PL,2026-09-04T19:00:00.000Z,561,history
PL,2026-09-04T20:00:00.000Z,563,history
PL,2026-09-04T21:00:00.000Z,533,history
PL,2026-09-04T22:00:00.000Z,470,history
PL,2026-09-04T23:00:00.000Z,445,history
PL,2026-09-05T00:00:00.000Z,439,history
PL,2026-09-05T01:00:00.000Z,430,history
PL,2026-09-05T02:00:00.000Z,449,history
PL,2026-09-05T03:00:00.000Z,426,history
PL,2026-09-05T04:00:00.000Z,417,history
PL,2026-09-05T05:00:00.000Z,388,history
PL,2026-09-05T06:00:00.000Z,344,history
PL,2026-09-05T07:00:00.000Z,375,history
PL,2026-09-05T08:00:00.000Z,341,history
PL,2026-09-05T09:00:00.000Z,332,history
PL,2026-09-05T10:00:00.000Z,336,history
PL,2026-09-05T11:00:00.000Z,329,history
PL,2026-09-05T12:00:00.000Z,344,history
PL,2026-09-05T13:00:00.000Z,352,history
PL,2026-09-05T14:00:00.000Z,368,history
PL,2026-09-05T14:00:00.000Z,433,forecast
PL,2026-09-05T15:00:00.000Z,484,forecast
PL,2026-09-05T16:00:00.000Z,532,forecast
PL,2026-09-05T17:00:00.000Z,558,forecast
PL,2026-09-05T18:00:00.000Z,555,forecast
PL,2026-09-05T19:00:00.000Z,558,forecast
PL,2026-09-05T20:00:00.000Z,566,forecast
PL,2026-09-05T21:00:00.000Z,557,forecast
PL,2026-09-05T22:00:00.000Z,551,forecast
PL,2026-09-05T23:00:00.000Z,549,forecast
PL,2026-09-06T00:00:00.000Z,551,forecast
PL,2026-09-06T01:00:00.000Z,546,forecast
PL,2026-09-06T02:00:00.000Z,545,forecast
PL,2026-09-06T03:00:00.000Z,546,forecast
PL,2026-09-06T04:00:00.000Z,543,forecast
PL,2026-09-06T05:00:00.000Z,526,forecast
PL,2026-09-06T06:00:00.000Z,487,forecast
PL,2026-09-06T07:00:00.000Z,441,forecast
PL,2026-09-06T08:00:00.000Z,396,forecast
PL,2026-09-06T09:00:00.000Z,391,forecast
PL,2026-09-06T10:00:00.000Z,398,forecast
PL,2026-09-06T11:00:00.000Z,398,forecast
PL,2026-09-06T12:00:00.000Z,410,forecast
PL,2026-09-06T13:00:00.000Z,419,forecast
PL,2026-09-06T14:00:00.000Z,458,forecast
ES,2026-09-04T15:00:00.000Z,116,history
ES,2026-09-04T16:00:00.000Z,158,history
ES,2026-09-04T17:00:00.000Z,234,history
ES,2026-09-04T18:00:00.000Z,264,history
ES,2026-09-04T19:00:00.000Z,262,history
ES,2026-09-04T20:00:00.000Z,255,history
ES,2026-09-04T21:00:00.000Z,252,history
ES,2026-09-04T22:00:00.000Z,258,history
ES,2026-09-04T23:00:00.000Z,248,history
ES,2026-09-05T00:00:00.000Z,231,history
ES,2026-09-05T01:00:00.000Z,231,history
ES,2026-09-05T02:00:00.000Z,235,history
ES,2026-09-05T03:00:00.000Z,237,history
ES,2026-09-05T04:00:00.000Z,235,history
ES,2026-09-05T05:00:00.000Z,240,history
ES,2026-09-05T06:00:00.000Z,219,history
ES,2026-09-05T07:00:00.000Z,165,history
ES,2026-09-05T08:00:00.000Z,104,history
ES,2026-09-05T09:00:00.000Z,77,history
ES,2026-09-05T10:00:00.000Z,76,history
ES,2026-09-05T11:00:00.000Z,76,history
ES,2026-09-05T12:00:00.000Z,76,history
ES,2026-09-05T13:00:00.000Z,75,history
ES,2026-09-05T14:00:00.000Z,85,history
ES,2026-09-05T14:00:00.000Z,78,forecast
ES,2026-09-05T15:00:00.000Z,87,forecast
ES,2026-09-05T16:00:00.000Z,116,forecast
ES,2026-09-05T17:00:00.000Z,157,forecast
ES,2026-09-05T18:00:00.000Z,185,forecast
ES,2026-09-05T19:00:00.000Z,192,forecast
ES,2026-09-05T20:00:00.000Z,193,forecast
ES,2026-09-05T21:00:00.000Z,197,forecast
ES,2026-09-05T22:00:00.000Z,205,forecast
ES,2026-09-05T23:00:00.000Z,208,forecast
ES,2026-09-06T00:00:00.000Z,209,forecast
ES,2026-09-06T01:00:00.000Z,213,forecast
ES,2026-09-06T02:00:00.000Z,214,forecast
ES,2026-09-06T03:00:00.000Z,218,forecast
ES,2026-09-06T04:00:00.000Z,224,forecast
ES,2026-09-06T05:00:00.000Z,232,forecast
ES,2026-09-06T06:00:00.000Z,199,forecast
ES,2026-09-06T07:00:00.000Z,126,forecast
ES,2026-09-06T08:00:00.000Z,87,forecast
ES,2026-09-06T09:00:00.000Z,79,forecast
ES,2026-09-06T10:00:00.000Z,75,forecast
ES,2026-09-06T11:00:00.000Z,71,forecast
ES,2026-09-06T12:00:00.000Z,70,forecast
ES,2026-09-06T13:00:00.000Z,71,forecast
ES,2026-09-06T14:00:00.000Z,74,forecast
GB,2026-09-04T15:00:00.000Z,148,history
GB,2026-09-04T16:00:00.000Z,179,history
GB,2026-09-04T17:00:00.000Z,203,history
GB,2026-09-04T18:00:00.000Z,208,history
GB,2026-09-04T19:00:00.000Z,195,history
GB,2026-09-04T20:00:00.000Z,186,history
GB,2026-09-04T21:00:00.000Z,180,history
GB,2026-09-04T22:00:00.000Z,169,history
GB,2026-09-04T23:00:00.000Z,161,history
GB,2026-09-05T00:00:00.000Z,144,history
GB,2026-09-05T01:00:00.000Z,141,history
GB,2026-09-05T02:00:00.000Z,143,history
GB,2026-09-05T03:00:00.000Z,148,history
GB,2026-09-05T04:00:00.000Z,161,history
GB,2026-09-05T05:00:00.000Z,183,history
GB,2026-09-05T06:00:00.000Z,185,history
GB,2026-09-05T07:00:00.000Z,169,history
GB,2026-09-05T08:00:00.000Z,154,history
GB,2026-09-05T09:00:00.000Z,134,history
GB,2026-09-05T10:00:00.000Z,123,history
GB,2026-09-05T11:00:00.000Z,118,history
GB,2026-09-05T12:00:00.000Z,117,history
GB,2026-09-05T13:00:00.000Z,121,history
GB,2026-09-05T14:00:00.000Z,126,history
GB,2026-09-05T14:00:00.000Z,107,forecast
GB,2026-09-05T15:00:00.000Z,124,forecast
GB,2026-09-05T16:00:00.000Z,182,forecast
GB,2026-09-05T17:00:00.000Z,214,forecast
GB,2026-09-05T18:00:00.000Z,233,forecast
GB,2026-09-05T19:00:00.000Z,234,forecast
GB,2026-09-05T20:00:00.000Z,227,forecast
GB,2026-09-05T21:00:00.000Z,224,forecast
GB,2026-09-05T22:00:00.000Z,209,forecast
GB,2026-09-05T23:00:00.000Z,164,forecast
GB,2026-09-06T00:00:00.000Z,155,forecast
GB,2026-09-06T01:00:00.000Z,142,forecast
GB,2026-09-06T02:00:00.000Z,139,forecast
GB,2026-09-06T03:00:00.000Z,138,forecast
GB,2026-09-06T04:00:00.000Z,139,forecast
GB,2026-09-06T05:00:00.000Z,142,forecast
GB,2026-09-06T06:00:00.000Z,132,forecast
GB,2026-09-06T07:00:00.000Z,123,forecast
GB,2026-09-06T08:00:00.000Z,116,forecast
GB,2026-09-06T09:00:00.000Z,106,forecast
GB,2026-09-06T10:00:00.000Z,99,forecast
GB,2026-09-06T11:00:00.000Z,94,forecast
GB,2026-09-06T12:00:00.000Z,93,forecast
GB,2026-09-06T13:00:00.000Z,93,forecast
GB,2026-09-06T14:00:00.000Z,95,forecast
IT-NO,2026-09-04T15:00:00.000Z,295,history
IT-NO,2026-09-04T16:00:00.000Z,314,history
IT-NO,2026-09-04T17:00:00.000Z,314,history
IT-NO,2026-09-04T18:00:00.000Z,310,history
IT-NO,2026-09-04T19:00:00.000Z,306,history
IT-NO,2026-09-04T20:00:00.000Z,313,history
IT-NO,2026-09-04T21:00:00.000Z,328,history
IT-NO,2026-09-04T22:00:00.000Z,293,history
IT-NO,2026-09-04T23:00:00.000Z,287,history
IT-NO,2026-09-05T00:00:00.000Z,293,history
IT-NO,2026-09-05T01:00:00.000Z,292,history
IT-NO,2026-09-05T02:00:00.000Z,294,history
IT-NO,2026-09-05T03:00:00.000Z,287,history
IT-NO,2026-09-05T04:00:00.000Z,269,history
IT-NO,2026-09-05T05:00:00.000Z,262,history
IT-NO,2026-09-05T06:00:00.000Z,224,history
IT-NO,2026-09-05T07:00:00.000Z,181,history
IT-NO,2026-09-05T08:00:00.000Z,156,history
IT-NO,2026-09-05T09:00:00.000Z,118,history
IT-NO,2026-09-05T10:00:00.000Z,114,history
IT-NO,2026-09-05T11:00:00.000Z,113,history
IT-NO,2026-09-05T12:00:00.000Z,119,history
IT-NO,2026-09-05T13:00:00.000Z,135,history
IT-NO,2026-09-05T14:00:00.000Z,168,history
IT-NO,2026-09-05T14:00:00.000Z,198,forecast
IT-NO,2026-09-05T15:00:00.000Z,242,forecast
IT-NO,2026-09-05T16:00:00.000Z,272,forecast
IT-NO,2026-09-05T17:00:00.000Z,279,forecast
IT-NO,2026-09-05T18:00:00.000Z,280,forecast
IT-NO,2026-09-05T19:00:00.000Z,281,forecast
IT-NO,2026-09-05T20:00:00.000Z,288,forecast
IT-NO,2026-09-05T21:00:00.000Z,299,forecast
IT-NO,2026-09-05T22:00:00.000Z,267,forecast
IT-NO,2026-09-05T23:00:00.000Z,259,forecast
IT-NO,2026-09-06T00:00:00.000Z,261,forecast
IT-NO,2026-09-06T01:00:00.000Z,262,forecast
IT-NO,2026-09-06T02:00:00.000Z,263,forecast
IT-NO,2026-09-06T03:00:00.000Z,264,forecast
IT-NO,2026-09-06T04:00:00.000Z,263,forecast
IT-NO,2026-09-06T05:00:00.000Z,241,forecast
IT-NO,2026-09-06T06:00:00.000Z,203,forecast
IT-NO,2026-09-06T07:00:00.000Z,169,forecast
IT-NO,2026-09-06T08:00:00.000Z,149,forecast
IT-NO,2026-09-06T09:00:00.000Z,132,forecast
IT-NO,2026-09-06T10:00:00.000Z,131,forecast
IT-NO,2026-09-06T11:00:00.000Z,129,forecast
IT-NO,2026-09-06T12:00:00.000Z,135,forecast
IT-NO,2026-09-06T13:00:00.000Z,150,forecast
IT-NO,2026-09-06T14:00:00.000Z,172,forecast
US-MIDA-PJM,2026-09-04T15:00:00.000Z,444,history
US-MIDA-PJM,2026-09-04T16:00:00.000Z,445,history
US-MIDA-PJM,2026-09-04T17:00:00.000Z,447,history
US-MIDA-PJM,2026-09-04T18:00:00.000Z,447,history
US-MIDA-PJM,2026-09-04T19:00:00.000Z,444,history
US-MIDA-PJM,2026-09-04T20:00:00.000Z,441,history
US-MIDA-PJM,2026-09-04T21:00:00.000Z,443,history
US-MIDA-PJM,2026-09-04T22:00:00.000Z,456,history
US-MIDA-PJM,2026-09-04T23:00:00.000Z,465,history
US-MIDA-PJM,2026-09-05T00:00:00.000Z,473,history
US-MIDA-PJM,2026-09-05T01:00:00.000Z,473,history
US-MIDA-PJM,2026-09-05T02:00:00.000Z,506,history
US-MIDA-PJM,2026-09-05T03:00:00.000Z,497,history
US-MIDA-PJM,2026-09-05T04:00:00.000Z,498,history
US-MIDA-PJM,2026-09-05T05:00:00.000Z,493,history
US-MIDA-PJM,2026-09-05T06:00:00.000Z,488,history
US-MIDA-PJM,2026-09-05T07:00:00.000Z,475,history
US-MIDA-PJM,2026-09-05T08:00:00.000Z,466,history
US-MIDA-PJM,2026-09-05T09:00:00.000Z,460,history
US-MIDA-PJM,2026-09-05T10:00:00.000Z,463,history
US-MIDA-PJM,2026-09-05T11:00:00.000Z,468,history
US-MIDA-PJM,2026-09-05T12:00:00.000Z,452,history
US-MIDA-PJM,2026-09-05T13:00:00.000Z,452,history
US-MIDA-PJM,2026-09-05T14:00:00.000Z,408,history
US-MIDA-PJM,2026-09-05T14:00:00.000Z,408,forecast
US-MIDA-PJM,2026-09-05T15:00:00.000Z,413,forecast
US-MIDA-PJM,2026-09-05T16:00:00.000Z,418,forecast
US-MIDA-PJM,2026-09-05T17:00:00.000Z,417,forecast
US-MIDA-PJM,2026-09-05T18:00:00.000Z,417,forecast
US-MIDA-PJM,2026-09-05T19:00:00.000Z,412,forecast
US-MIDA-PJM,2026-09-05T20:00:00.000Z,416,forecast
US-MIDA-PJM,2026-09-05T21:00:00.000Z,421,forecast
US-MIDA-PJM,2026-09-05T22:00:00.000Z,448,forecast
US-MIDA-PJM,2026-09-05T23:00:00.000Z,453,forecast
US-MIDA-PJM,2026-09-06T00:00:00.000Z,453,forecast
US-MIDA-PJM,2026-09-06T01:00:00.000Z,439,forecast
US-MIDA-PJM,2026-09-06T02:00:00.000Z,451,forecast
US-MIDA-PJM,2026-09-06T03:00:00.000Z,448,forecast
US-MIDA-PJM,2026-09-06T04:00:00.000Z,440,forecast
US-MIDA-PJM,2026-09-06T05:00:00.000Z,437,forecast
US-MIDA-PJM,2026-09-06T06:00:00.000Z,431,forecast
US-MIDA-PJM,2026-09-06T07:00:00.000Z,422,forecast
US-MIDA-PJM,2026-09-06T08:00:00.000Z,418,forecast
US-MIDA-PJM,2026-09-06T09:00:00.000Z,417,forecast
US-MIDA-PJM,2026-09-06T10:00:00.000Z,428,forecast
US-MIDA-PJM,2026-09-06T11:00:00.000Z,424,forecast
US-MIDA-PJM,2026-09-06T12:00:00.000Z,411,forecast
US-MIDA-PJM,2026-09-06T13:00:00.000Z,405,forecast
US-MIDA-PJM,2026-09-06T14:00:00.000Z,396,forecast
AU-NSW,2026-09-04T15:00:00.000Z,559,history
AU-NSW,2026-09-04T16:00:00.000Z,554,history
AU-NSW,2026-09-04T17:00:00.000Z,545,history
AU-NSW,2026-09-04T18:00:00.000Z,531,history
AU-NSW,2026-09-04T19:00:00.000Z,530,history
AU-NSW,2026-09-04T20:00:00.000Z,526,history
AU-NSW,2026-09-04T21:00:00.000Z,416,history
AU-NSW,2026-09-04T22:00:00.000Z,296,history
AU-NSW,2026-09-04T23:00:00.000Z,252,history
AU-NSW,2026-09-05T00:00:00.000Z,225,history
AU-NSW,2026-09-05T01:00:00.000Z,214,history
AU-NSW,2026-09-05T02:00:00.000Z,205,history
AU-NSW,2026-09-05T03:00:00.000Z,212,history
AU-NSW,2026-09-05T04:00:00.000Z,242,history
AU-NSW,2026-09-05T05:00:00.000Z,327,history
AU-NSW,2026-09-05T06:00:00.000Z,429,history
AU-NSW,2026-09-05T07:00:00.000Z,504,history
AU-NSW,2026-09-05T08:00:00.000Z,516,history
AU-NSW,2026-09-05T09:00:00.000Z,518,history
AU-NSW,2026-09-05T10:00:00.000Z,511,history
AU-NSW,2026-09-05T11:00:00.000Z,509,history
AU-NSW,2026-09-05T12:00:00.000Z,512,history
AU-NSW,2026-09-05T13:00:00.000Z,513,history
AU-NSW,2026-09-05T14:00:00.000Z,526,history
AU-NSW,2026-09-05T14:00:00.000Z,531,forecast
AU-NSW,2026-09-05T15:00:00.000Z,533,forecast
AU-NSW,2026-09-05T16:00:00.000Z,537,forecast
AU-NSW,2026-09-05T17:00:00.000Z,540,forecast
AU-NSW,2026-09-05T18:00:00.000Z,542,forecast
AU-NSW,2026-09-05T19:00:00.000Z,549,forecast
AU-NSW,2026-09-05T20:00:00.000Z,558,forecast
AU-NSW,2026-09-05T21:00:00.000Z,447,forecast
AU-NSW,2026-09-05T22:00:00.000Z,303,forecast
AU-NSW,2026-09-05T23:00:00.000Z,255,forecast
AU-NSW,2026-09-06T00:00:00.000Z,241,forecast
AU-NSW,2026-09-06T01:00:00.000Z,233,forecast
AU-NSW,2026-09-06T02:00:00.000Z,233,forecast
AU-NSW,2026-09-06T03:00:00.000Z,237,forecast
AU-NSW,2026-09-06T04:00:00.000Z,249,forecast
AU-NSW,2026-09-06T05:00:00.000Z,286,forecast
AU-NSW,2026-09-06T06:00:00.000Z,400,forecast
AU-NSW,2026-09-06T07:00:00.000Z,592,forecast
AU-NSW,2026-09-06T08:00:00.000Z,632,forecast
AU-NSW,2026-09-06T09:00:00.000Z,641,forecast
AU-NSW,2026-09-06T10:00:00.000Z,652,forecast
AU-NSW,2026-09-06T11:00:00.000Z,668,forecast
AU-NSW,2026-09-06T12:00:00.000Z,687,forecast
AU-NSW,2026-09-06T13:00:00.000Z,694,forecast
AU-NSW,2026-09-06T14:00:00.000Z,713,forecast
IN-WE,2026-09-04T15:00:00.000Z,639,history
IN-WE,2026-09-04T16:00:00.000Z,647,history
IN-WE,2026-09-04T17:00:00.000Z,648,history
IN-WE,2026-09-04T18:00:00.000Z,650,history
IN-WE,2026-09-04T19:00:00.000Z,650,history
IN-WE,2026-09-04T20:00:00.000Z,654,history
IN-WE,2026-09-04T21:00:00.000Z,658,history
IN-WE,2026-09-04T22:00:00.000Z,662,history
IN-WE,2026-09-04T23:00:00.000Z,665,history
IN-WE,2026-09-05T00:00:00.000Z,660,history
IN-WE,2026-09-05T01:00:00.000Z,652,history
IN-WE,2026-09-05T02:00:00.000Z,613,history
IN-WE,2026-09-05T03:00:00.000Z,553,history
IN-WE,2026-09-05T04:00:00.000Z,508,history
IN-WE,2026-09-05T05:00:00.000Z,485,history
IN-WE,2026-09-05T06:00:00.000Z,475,history
IN-WE,2026-09-05T07:00:00.000Z,469,history
IN-WE,2026-09-05T08:00:00.000Z,471,history
IN-WE,2026-09-05T09:00:00.000Z,492,history
IN-WE,2026-09-05T10:00:00.000Z,518,history
IN-WE,2026-09-05T11:00:00.000Z,555,history
IN-WE,2026-09-05T12:00:00.000Z,597,history
IN-WE,2026-09-05T13:00:00.000Z,624,history
IN-WE,2026-09-05T14:00:00.000Z,631,history
IN-WE,2026-09-05T14:00:00.000Z,660,forecast
IN-WE,2026-09-05T15:00:00.000Z,665,forecast
IN-WE,2026-09-05T16:00:00.000Z,670,forecast
IN-WE,2026-09-05T17:00:00.000Z,673,forecast
IN-WE,2026-09-05T18:00:00.000Z,677,forecast
IN-WE,2026-09-05T19:00:00.000Z,679,forecast
IN-WE,2026-09-05T20:00:00.000Z,680,forecast
IN-WE,2026-09-05T21:00:00.000Z,682,forecast
IN-WE,2026-09-05T22:00:00.000Z,687,forecast
IN-WE,2026-09-05T23:00:00.000Z,690,forecast
IN-WE,2026-09-06T00:00:00.000Z,691,forecast
IN-WE,2026-09-06T01:00:00.000Z,677,forecast
IN-WE,2026-09-06T02:00:00.000Z,637,forecast
IN-WE,2026-09-06T03:00:00.000Z,582,forecast
IN-WE,2026-09-06T04:00:00.000Z,548,forecast
IN-WE,2026-09-06T05:00:00.000Z,520,forecast
IN-WE,2026-09-06T06:00:00.000Z,516,forecast
IN-WE,2026-09-06T07:00:00.000Z,517,forecast
IN-WE,2026-09-06T08:00:00.000Z,517,forecast
IN-WE,2026-09-06T09:00:00.000Z,532,forecast
IN-WE,2026-09-06T10:00:00.000Z,546,forecast
IN-WE,2026-09-06T11:00:00.000Z,580,forecast
IN-WE,2026-09-06T12:00:00.000Z,622,forecast
IN-WE,2026-09-06T13:00:00.000Z,649,forecast
IN-WE,2026-09-06T14:00:00.000Z,657,forecast
