zone,datetime,value,unit,source
DK-DK2,2026-09-05T15:00:00.000Z,3.53,EUR/MWh,nordpool.com
DK-DK2,2026-09-05T16:00:00.000Z,21.61,EUR/MWh,nordpool.com
DK-DK2,2026-09-05T17:00:00.000Z,71.15,EUR/MWh,nordpool.com
DK-DK2,2026-09-05T18:00:00.000Z,88.16,EUR/MWh,nordpool.com
DK-DK2,2026-09-05T19:00:00.000Z,78.71,EUR/MWh,nordpool.com
DK-DK2,2026-09-05T20:00:00.000Z,79.42,EUR/MWh,nordpool.com
DK-DK2,2026-09-05T21:00:00.000Z,74.66,EUR/MWh,nordpool.com
DK-DK2,2026-09-05T22:00:00.000Z,93.54,EUR/MWh,nordpool.com
DK-DK2,2026-09-05T23:00:00.000Z,83.35,EUR/MWh,nordpool.com
DK-DK2,2026-09-06T00:00:00.000Z,87.2,EUR/MWh,nordpool.com
DK-DK2,2026-09-06T01:00:00.000Z,97.9,EUR/MWh,nordpool.com
DK-DK2,2026-09-06T02:00:00.000Z,115.12,EUR/MWh,nordpool.com
DK-DK2,2026-09-06T03:00:00.000Z,134.84,EUR/MWh,nordpool.com
DK-DK2,2026-09-06T04:00:00.000Z,138.86,EUR/MWh,nordpool.com
DK-DK2,2026-09-06T05:00:00.000Z,130.25,EUR/MWh,nordpool.com
DK-DK2,2026-09-06T06:00:00.000Z,103.97,EUR/MWh,nordpool.com
DK-DK2,2026-09-06T07:00:00.000Z,35.89,EUR/MWh,nordpool.com
DK-DK2,2026-09-06T08:00:00.000Z,2.02,EUR/MWh,nordpool.com
DK-DK2,2026-09-06T09:00:00.000Z,0.34,EUR/MWh,nordpool.com
DK-DK2,2026-09-06T10:00:00.000Z,1,EUR/MWh,nordpool.com
DK-DK2,2026-09-06T11:00:00.000Z,1.43,EUR/MWh,nordpool.com
DK-DK2,2026-09-06T12:00:00.000Z,1.33,EUR/MWh,nordpool.com
DK-DK2,2026-09-06T13:00:00.000Z,1.72,EUR/MWh,nordpool.com
DK-DK2,2026-09-06T14:00:00.000Z,21.33,EUR/MWh,nordpool.com
DK-DK2,2026-09-06T15:00:00.000Z,122.75,EUR/MWh,nordpool.com
FR,2026-09-05T15:00:00.000Z,75.89,EUR/MWh,nordpool.com
FR,2026-09-05T16:00:00.000Z,151.5,EUR/MWh,nordpool.com
FR,2026-09-05T17:00:00.000Z,185.39,EUR/MWh,nordpool.com
FR,2026-09-05T18:00:00.000Z,180.75,EUR/MWh,nordpool.com
FR,2026-09-05T19:00:00.000Z,181.21,EUR/MWh,nordpool.com
FR,2026-09-05T20:00:00.000Z,178.23,EUR/MWh,nordpool.com
FR,2026-09-05T21:00:00.000Z,164.77,EUR/MWh,nordpool.com
FR,2026-09-05T22:00:00.000Z,166.65,EUR/MWh,nordpool.com
FR,2026-09-05T23:00:00.000Z,163.99,EUR/MWh,nordpool.com
FR,2026-09-06T00:00:00.000Z,160.36,EUR/MWh,nordpool.com
FR,2026-09-06T01:00:00.000Z,151.8,EUR/MWh,nordpool.com
FR,2026-09-06T02:00:00.000Z,146.48,EUR/MWh,nordpool.com
FR,2026-09-06T03:00:00.000Z,147.04,EUR/MWh,nordpool.com
FR,2026-09-06T04:00:00.000Z,148.42,EUR/MWh,nordpool.com
FR,2026-09-06T05:00:00.000Z,135.28,EUR/MWh,nordpool.com
FR,2026-09-06T06:00:00.000Z,112.76,EUR/MWh,nordpool.com
FR,2026-09-06T07:00:00.000Z,39.6,EUR/MWh,nordpool.com
FR,2026-09-06T08:00:00.000Z,0.53,EUR/MWh,nordpool.com
FR,2026-09-06T09:00:00.000Z,0,EUR/MWh,nordpool.com
FR,2026-09-06T10:00:00.000Z,-0.01,EUR/MWh,nordpool.com
FR,2026-09-06T11:00:00.000Z,-0.05,EUR/MWh,nordpool.com
FR,2026-09-06T12:00:00.000Z,-0.09,EUR/MWh,nordpool.com
FR,2026-09-06T13:00:00.000Z,0,EUR/MWh,nordpool.com
FR,2026-09-06T14:00:00.000Z,19.95,EUR/MWh,nordpool.com
FR,2026-09-06T15:00:00.000Z,116.59,EUR/MWh,nordpool.com
DE,2026-09-05T15:00:00.000Z,-0.03,EUR/MWh,nordpool.com
DE,2026-09-05T16:00:00.000Z,39.13,EUR/MWh,nordpool.com
DE,2026-09-05T17:00:00.000Z,102.74,EUR/MWh,nordpool.com
DE,2026-09-05T18:00:00.000Z,115.99,EUR/MWh,nordpool.com
DE,2026-09-05T19:00:00.000Z,109.9,EUR/MWh,nordpool.com
DE,2026-09-05T20:00:00.000Z,107.85,EUR/MWh,nordpool.com
DE,2026-09-05T21:00:00.000Z,100.96,EUR/MWh,nordpool.com
DE,2026-09-05T22:00:00.000Z,128.23,EUR/MWh,nordpool.com
DE,2026-09-05T23:00:00.000Z,126.34,EUR/MWh,nordpool.com
DE,2026-09-06T00:00:00.000Z,135.44,EUR/MWh,nordpool.com
DE,2026-09-06T01:00:00.000Z,135.48,EUR/MWh,nordpool.com
DE,2026-09-06T02:00:00.000Z,141.53,EUR/MWh,nordpool.com
DE,2026-09-06T03:00:00.000Z,142.53,EUR/MWh,nordpool.com
DE,2026-09-06T04:00:00.000Z,143.24,EUR/MWh,nordpool.com
DE,2026-09-06T05:00:00.000Z,133.1,EUR/MWh,nordpool.com
DE,2026-09-06T06:00:00.000Z,109.58,EUR/MWh,nordpool.com
DE,2026-09-06T07:00:00.000Z,36.81,EUR/MWh,nordpool.com
DE,2026-09-06T08:00:00.000Z,0.51,EUR/MWh,nordpool.com
DE,2026-09-06T09:00:00.000Z,-0.04,EUR/MWh,nordpool.com
DE,2026-09-06T10:00:00.000Z,-1.11,EUR/MWh,nordpool.com
DE,2026-09-06T11:00:00.000Z,-1.63,EUR/MWh,nordpool.com
DE,2026-09-06T12:00:00.000Z,-0.66,EUR/MWh,nordpool.com
DE,2026-09-06T13:00:00.000Z,0,EUR/MWh,nordpool.com
DE,2026-09-06T14:00:00.000Z,19.95,EUR/MWh,nordpool.com
DE,2026-09-06T15:00:00.000Z,123.17,EUR/MWh,nordpool.com
ES,2026-09-05T15:00:00.000Z,77.68,EUR/MWh,entsoe.eu
ES,2026-09-05T16:00:00.000Z,151.5,EUR/MWh,entsoe.eu
ES,2026-09-05T17:00:00.000Z,185.39,EUR/MWh,entsoe.eu
ES,2026-09-05T18:00:00.000Z,213.2,EUR/MWh,entsoe.eu
ES,2026-09-05T19:00:00.000Z,222.93,EUR/MWh,entsoe.eu
ES,2026-09-05T20:00:00.000Z,217.5,EUR/MWh,entsoe.eu
ES,2026-09-05T21:00:00.000Z,213.27,EUR/MWh,entsoe.eu
ES,2026-09-05T22:00:00.000Z,207.39,EUR/MWh,entsoe.eu
ES,2026-09-05T23:00:00.000Z,205.94,EUR/MWh,entsoe.eu
ES,2026-09-06T00:00:00.000Z,202.96,EUR/MWh,entsoe.eu
ES,2026-09-06T01:00:00.000Z,200.87,EUR/MWh,entsoe.eu
ES,2026-09-06T02:00:00.000Z,197.35,EUR/MWh,entsoe.eu
ES,2026-09-06T03:00:00.000Z,195.41,EUR/MWh,entsoe.eu
ES,2026-09-06T04:00:00.000Z,195.39,EUR/MWh,entsoe.eu
ES,2026-09-06T05:00:00.000Z,199.27,EUR/MWh,entsoe.eu
ES,2026-09-06T06:00:00.000Z,192.44,EUR/MWh,entsoe.eu
ES,2026-09-06T07:00:00.000Z,108.89,EUR/MWh,entsoe.eu
ES,2026-09-06T08:00:00.000Z,28.79,EUR/MWh,entsoe.eu
ES,2026-09-06T09:00:00.000Z,0.45,EUR/MWh,entsoe.eu
ES,2026-09-06T10:00:00.000Z,0,EUR/MWh,entsoe.eu
ES,2026-09-06T11:00:00.000Z,0.01,EUR/MWh,entsoe.eu
ES,2026-09-06T12:00:00.000Z,0.51,EUR/MWh,entsoe.eu
ES,2026-09-06T13:00:00.000Z,0.4,EUR/MWh,entsoe.eu
ES,2026-09-06T14:00:00.000Z,20.07,EUR/MWh,entsoe.eu
ES,2026-09-06T15:00:00.000Z,96.63,EUR/MWh,entsoe.eu
GB,2026-09-05T15:00:00.000Z,78.66,GBP/MWh,nordpool.com
GB,2026-09-05T16:00:00.000Z,150.19,GBP/MWh,nordpool.com
GB,2026-09-05T17:00:00.000Z,164.81,GBP/MWh,nordpool.com
GB,2026-09-05T18:00:00.000Z,176.83,GBP/MWh,nordpool.com
GB,2026-09-05T19:00:00.000Z,176.32,GBP/MWh,nordpool.com
GB,2026-09-05T20:00:00.000Z,170.67,GBP/MWh,nordpool.com
GB,2026-09-05T21:00:00.000Z,156.59,GBP/MWh,nordpool.com
GB,2026-09-05T22:00:00.000Z,158.2,GBP/MWh,nordpool.com
GB,2026-09-05T23:00:00.000Z,154.98,GBP/MWh,nordpool.com
GB,2026-09-06T00:00:00.000Z,150,GBP/MWh,nordpool.com
GB,2026-09-06T01:00:00.000Z,133.76,GBP/MWh,nordpool.com
GB,2026-09-06T02:00:00.000Z,119.37,GBP/MWh,nordpool.com
GB,2026-09-06T03:00:00.000Z,115.24,GBP/MWh,nordpool.com
GB,2026-09-06T04:00:00.000Z,117.18,GBP/MWh,nordpool.com
GB,2026-09-06T05:00:00.000Z,109.06,GBP/MWh,nordpool.com
GB,2026-09-06T06:00:00.000Z,86.76,GBP/MWh,nordpool.com
GB,2026-09-06T07:00:00.000Z,27.96,GBP/MWh,nordpool.com
GB,2026-09-06T08:00:00.000Z,2.83,GBP/MWh,nordpool.com
GB,2026-09-06T09:00:00.000Z,1.01,GBP/MWh,nordpool.com
GB,2026-09-06T10:00:00.000Z,1,GBP/MWh,nordpool.com
GB,2026-09-06T11:00:00.000Z,1.34,GBP/MWh,nordpool.com
GB,2026-09-06T12:00:00.000Z,-0.92,GBP/MWh,nordpool.com
GB,2026-09-06T13:00:00.000Z,-0.9,GBP/MWh,nordpool.com
GB,2026-09-06T14:00:00.000Z,20.43,GBP/MWh,nordpool.com
GB,2026-09-06T15:00:00.000Z,91.3,GBP/MWh,nordpool.com
NL,2026-09-05T15:00:00.000Z,46.94,EUR/MWh,nordpool.com
NL,2026-09-05T16:00:00.000Z,150,EUR/MWh,nordpool.com
NL,2026-09-05T17:00:00.000Z,192.22,EUR/MWh,nordpool.com
NL,2026-09-05T18:00:00.000Z,217.18,EUR/MWh,nordpool.com
NL,2026-09-05T19:00:00.000Z,224,EUR/MWh,nordpool.com
NL,2026-09-05T20:00:00.000Z,215.89,EUR/MWh,nordpool.com
NL,2026-09-05T21:00:00.000Z,196.36,EUR/MWh,nordpool.com
NL,2026-09-05T22:00:00.000Z,175.7,EUR/MWh,nordpool.com
NL,2026-09-05T23:00:00.000Z,182.52,EUR/MWh,nordpool.com
NL,2026-09-06T00:00:00.000Z,184.32,EUR/MWh,nordpool.com
NL,2026-09-06T01:00:00.000Z,164.09,EUR/MWh,nordpool.com
NL,2026-09-06T02:00:00.000Z,144.6,EUR/MWh,nordpool.com
NL,2026-09-06T03:00:00.000Z,144.58,EUR/MWh,nordpool.com
NL,2026-09-06T04:00:00.000Z,145.54,EUR/MWh,nordpool.com
NL,2026-09-06T05:00:00.000Z,134.07,EUR/MWh,nordpool.com
NL,2026-09-06T06:00:00.000Z,110.87,EUR/MWh,nordpool.com
NL,2026-09-06T07:00:00.000Z,39.67,EUR/MWh,nordpool.com
NL,2026-09-06T08:00:00.000Z,0.58,EUR/MWh,nordpool.com
NL,2026-09-06T09:00:00.000Z,-0.08,EUR/MWh,nordpool.com
NL,2026-09-06T10:00:00.000Z,-2.54,EUR/MWh,nordpool.com
NL,2026-09-06T11:00:00.000Z,-3.73,EUR/MWh,nordpool.com
NL,2026-09-06T12:00:00.000Z,-1.3,EUR/MWh,nordpool.com
NL,2026-09-06T13:00:00.000Z,0,EUR/MWh,nordpool.com
NL,2026-09-06T14:00:00.000Z,19.95,EUR/MWh,nordpool.com
NL,2026-09-06T15:00:00.000Z,122.42,EUR/MWh,nordpool.com
PL,2026-09-05T15:00:00.000Z,77.33,EUR/MWh,nordpool.com
PL,2026-09-05T16:00:00.000Z,102.39,EUR/MWh,nordpool.com
PL,2026-09-05T17:00:00.000Z,129.59,EUR/MWh,nordpool.com
PL,2026-09-05T18:00:00.000Z,128.48,EUR/MWh,nordpool.com
PL,2026-09-05T19:00:00.000Z,117.35,EUR/MWh,nordpool.com
PL,2026-09-05T20:00:00.000Z,110.35,EUR/MWh,nordpool.com
PL,2026-09-05T21:00:00.000Z,106.03,EUR/MWh,nordpool.com
PL,2026-09-05T22:00:00.000Z,124.75,EUR/MWh,nordpool.com
PL,2026-09-05T23:00:00.000Z,119.1,EUR/MWh,nordpool.com
PL,2026-09-06T00:00:00.000Z,115.4,EUR/MWh,nordpool.com
PL,2026-09-06T01:00:00.000Z,112.78,EUR/MWh,nordpool.com
PL,2026-09-06T02:00:00.000Z,117.24,EUR/MWh,nordpool.com
PL,2026-09-06T03:00:00.000Z,115.86,EUR/MWh,nordpool.com
PL,2026-09-06T04:00:00.000Z,115.15,EUR/MWh,nordpool.com
PL,2026-09-06T05:00:00.000Z,122.53,EUR/MWh,nordpool.com
PL,2026-09-06T06:00:00.000Z,81.79,EUR/MWh,nordpool.com
PL,2026-09-06T07:00:00.000Z,19.09,EUR/MWh,nordpool.com
PL,2026-09-06T08:00:00.000Z,0.28,EUR/MWh,nordpool.com
PL,2026-09-06T09:00:00.000Z,-0.03,EUR/MWh,nordpool.com
PL,2026-09-06T10:00:00.000Z,-1.08,EUR/MWh,nordpool.com
PL,2026-09-06T11:00:00.000Z,-1.54,EUR/MWh,nordpool.com
PL,2026-09-06T12:00:00.000Z,-0.61,EUR/MWh,nordpool.com
PL,2026-09-06T13:00:00.000Z,0,EUR/MWh,nordpool.com
PL,2026-09-06T14:00:00.000Z,19.95,EUR/MWh,nordpool.com
PL,2026-09-06T15:00:00.000Z,121.71,EUR/MWh,nordpool.com
IT-NO,2026-09-05T15:00:00.000Z,174.49,EUR/MWh,entsoe.eu
IT-NO,2026-09-05T16:00:00.000Z,245,EUR/MWh,entsoe.eu
IT-NO,2026-09-05T17:00:00.000Z,272.3,EUR/MWh,entsoe.eu
IT-NO,2026-09-05T18:00:00.000Z,271.29,EUR/MWh,entsoe.eu
IT-NO,2026-09-05T19:00:00.000Z,213.97,EUR/MWh,entsoe.eu
IT-NO,2026-09-05T20:00:00.000Z,208.37,EUR/MWh,entsoe.eu
IT-NO,2026-09-05T21:00:00.000Z,188.02,EUR/MWh,entsoe.eu
IT-NO,2026-09-05T22:00:00.000Z,210.46,EUR/MWh,entsoe.eu
IT-NO,2026-09-05T23:00:00.000Z,220.23,EUR/MWh,entsoe.eu
IT-NO,2026-09-06T00:00:00.000Z,200.93,EUR/MWh,entsoe.eu
IT-NO,2026-09-06T01:00:00.000Z,188.85,EUR/MWh,entsoe.eu
IT-NO,2026-09-06T02:00:00.000Z,199.01,EUR/MWh,entsoe.eu
IT-NO,2026-09-06T03:00:00.000Z,197.28,EUR/MWh,entsoe.eu
IT-NO,2026-09-06T04:00:00.000Z,194.72,EUR/MWh,entsoe.eu
IT-NO,2026-09-06T05:00:00.000Z,181.36,EUR/MWh,entsoe.eu
IT-NO,2026-09-06T06:00:00.000Z,195,EUR/MWh,entsoe.eu
IT-NO,2026-09-06T07:00:00.000Z,172.89,EUR/MWh,entsoe.eu
IT-NO,2026-09-06T08:00:00.000Z,150.1,EUR/MWh,entsoe.eu
IT-NO,2026-09-06T09:00:00.000Z,141.13,EUR/MWh,entsoe.eu
IT-NO,2026-09-06T10:00:00.000Z,147.35,EUR/MWh,entsoe.eu
IT-NO,2026-09-06T11:00:00.000Z,136.42,EUR/MWh,entsoe.eu
IT-NO,2026-09-06T12:00:00.000Z,150.1,EUR/MWh,entsoe.eu
IT-NO,2026-09-06T13:00:00.000Z,150.1,EUR/MWh,entsoe.eu
IT-NO,2026-09-06T14:00:00.000Z,180,EUR/MWh,entsoe.eu
IT-NO,2026-09-06T15:00:00.000Z,219.09,EUR/MWh,entsoe.eu
